TestLoss,TestAccuracy,NA,UP,DOWN,HOLE
0.903732681274,0.725,1.0,0.7,0.5,0.7,DOWN
1.78887844086,0.575,0.9,0.9,0.2,0.3,DOWN
1.53789572716,0.725,0.9,0.9,0.6,0.5,HOLE
1.35166649818,0.55,0.9,0.3,0.4,0.6,UP
1.52382316589,0.7,0.9,0.9,0.6,0.4,HOLE
1.48526964188,0.7,0.9,0.9,0.5,0.5,DOWN
1.59771690369,0.7,0.9,0.8,0.7,0.4,HOLE
1.38319880962,0.725,1.0,0.4,0.8,0.7,UP
1.7667675972,0.7,0.8,0.9,0.6,0.5,HOLE
1.2442543447,0.725,1.0,0.5,0.6,0.8,UP
1.5018119812,0.75,1.0,0.9,0.6,0.5,HOLE
